{
    "name": "root",
    "metadata": {
        "timer_format_version": "0.1.0",
        "start_time_seconds": "1681095733",
        "python_version": "3.7.16 (default, Jan 17 2023, 16:06:28) [MSC v.1916 64 bit (AMD64)]",
        "command_line_arguments": "G:\\Anaconda\\envs\\ml-agents-2.0\\Scripts\\mlagents-learn trainer_config.yaml --run-id mutant --force",
        "mlagents_version": "0.29.0",
        "mlagents_envs_version": "0.29.0",
        "communication_protocol_version": "1.5.0",
        "pytorch_version": "1.13.1",
        "numpy_version": "1.21.2",
        "end_time_seconds": "1681095952"
    },
    "total": 218.6452472,
    "count": 1,
    "self": 0.005621500000017932,
    "children": {
        "run_training.setup": {
            "total": 0.1265670000000001,
            "count": 1,
            "self": 0.1265670000000001
        },
        "TrainerController.start_learning": {
            "total": 218.5130587,
            "count": 1,
            "self": 0.00036829999996257357,
            "children": {
                "TrainerController._reset_env": {
                    "total": 8.7232418,
                    "count": 1,
                    "self": 8.7232418
                },
                "TrainerController.advance": {
                    "total": 209.620128,
                    "count": 1,
                    "self": 1.7999999982976078e-05,
                    "children": {
                        "env_step": {
                            "total": 209.62011,
                            "count": 1,
                            "self": 209.62009980000002,
                            "children": {
                                "SubprocessEnvManager._take_step": {
                                    "total": 1.0200000000182285e-05,
                                    "count": 1,
                                    "self": 1.0200000000182285e-05
                                }
                            }
                        }
                    }
                },
                "TrainerController._save_models": {
                    "total": 0.16932060000002025,
                    "count": 1,
                    "self": 0.0029345000000375876,
                    "children": {
                        "RLTrainer._checkpoint": {
                            "total": 0.16638609999998266,
                            "count": 1,
                            "self": 0.16638609999998266
                        }
                    }
                }
            }
        }
    }
}