{
    "name": "root",
    "metadata": {
        "timer_format_version": "0.1.0",
        "start_time_seconds": "1682223440",
        "python_version": "3.7.16 (default, Jan 17 2023, 16:06:28) [MSC v.1916 64 bit (AMD64)]",
        "command_line_arguments": "G:\\Anaconda\\envs\\ml-agents-2.0\\Scripts\\mlagents-learn trainer_config.yaml --run-id Mutant --force",
        "mlagents_version": "0.29.0",
        "mlagents_envs_version": "0.29.0",
        "communication_protocol_version": "1.5.0",
        "pytorch_version": "1.13.1",
        "numpy_version": "1.21.2",
        "end_time_seconds": "1682223492"
    },
    "total": 52.4586125,
    "count": 1,
    "self": 10.006307799999995,
    "children": {
        "run_training.setup": {
            "total": 0.10335740000000015,
            "count": 1,
            "self": 0.10335740000000015
        },
        "TrainerController.start_learning": {
            "total": 42.348947300000006,
            "count": 1,
            "self": 0.05715039999996918,
            "children": {
                "TrainerController._reset_env": {
                    "total": 4.383619299999999,
                    "count": 1,
                    "self": 4.383619299999999
                },
                "TrainerController.advance": {
                    "total": 37.71032370000004,
                    "count": 1464,
                    "self": 0.02799180000005208,
                    "children": {
                        "env_step": {
                            "total": 37.68233189999999,
                            "count": 1464,
                            "self": 34.54472740000002,
                            "children": {
                                "SubprocessEnvManager._take_step": {
                                    "total": 3.1106925999999815,
                                    "count": 1465,
                                    "self": 0.10709660000002064,
                                    "children": {
                                        "TorchPolicy.evaluate": {
                                            "total": 3.003595999999961,
                                            "count": 1465,
                                            "self": 0.6798809999999529,
                                            "children": {
                                                "TorchPolicy.sample_actions": {
                                                    "total": 2.323715000000008,
                                                    "count": 1465,
                                                    "self": 2.323715000000008
                                                }
                                            }
                                        }
                                    }
                                },
                                "workers": {
                                    "total": 0.026911899999982225,
                                    "count": 1463,
                                    "self": 0.0,
                                    "children": {
                                        "worker_root": {
                                            "total": 21.516689099999947,
                                            "count": 1463,
                                            "is_parallel": true,
                                            "self": 6.310350999999901,
                                            "children": {
                                                "steps_from_proto": {
                                                    "total": 0.0006727000000013028,
                                                    "count": 2,
                                                    "is_parallel": true,
                                                    "self": 0.000393500000002156,
                                                    "children": {
                                                        "_process_rank_one_or_two_observation": {
                                                            "total": 0.0002791999999991468,
                                                            "count": 4,
                                                            "is_parallel": true,
                                                            "self": 0.0002791999999991468
                                                        }
                                                    }
                                                },
                                                "UnityEnvironment.step": {
                                                    "total": 15.205665400000045,
                                                    "count": 1463,
                                                    "is_parallel": true,
                                                    "self": 0.130487699999966,
                                                    "children": {
                                                        "UnityEnvironment._generate_step_input": {
                                                            "total": 0.10667420000009109,
                                                            "count": 1463,
                                                            "is_parallel": true,
                                                            "self": 0.10667420000009109
                                                        },
                                                        "communicator.exchange": {
                                                            "total": 14.50334999999996,
                                                            "count": 1463,
                                                            "is_parallel": true,
                                                            "self": 14.50334999999996
                                                        },
                                                        "steps_from_proto": {
                                                            "total": 0.4651535000000271,
                                                            "count": 1463,
                                                            "is_parallel": true,
                                                            "self": 0.3129709000001659,
                                                            "children": {
                                                                "_process_rank_one_or_two_observation": {
                                                                    "total": 0.15218259999986117,
                                                                    "count": 2926,
                                                                    "is_parallel": true,
                                                                    "self": 0.15218259999986117
                                                                }
                                                            }
                                                        }
                                                    }
                                                }
                                            }
                                        }
                                    }
                                }
                            }
                        }
                    }
                },
                "trainer_threads": {
                    "total": 2.6900000001717217e-05,
                    "count": 1,
                    "self": 2.6900000001717217e-05,
                    "children": {
                        "thread_root": {
                            "total": 0.0,
                            "count": 0,
                            "is_parallel": true,
                            "self": 0.0,
                            "children": {
                                "trainer_advance": {
                                    "total": 37.70632230000005,