{"cameraMode":{"drawMode":0,"name":"Shaded","section":"Shading Mode"},"sceneLighting":true,"audioPlay":false,"sceneViewState":{"m_AlwaysRefresh":false,"showFog":true,"showSkybox":true,"showFlares":true,"showImageEffects":true,"showParticleSystems":true,"showVisualEffectGraphs":true,"m_FxEnabled":true},"in2DMode":false,"pivot":{"x":-0.28885647654533389,"y":-5.934364318847656,"z":14.223583221435547},"rotation":{"x":0.0012402255088090897,"y":0.8791927099227905,"z":-0.4766704738140106,"w":0.002361943246796727},"size":12.12435531616211,"orthographic":false}