{
    "name": "root",
    "metadata": {
        "timer_format_version": "0.1.0",
        "start_time_seconds": "1686091994",
        "python_version": "3.7.16 (default, Jan 17 2023, 16:06:28) [MSC v.1916 64 bit (AMD64)]",
        "command_line_arguments": "G:\\Anaconda\\envs\\ml-agents-2.0\\Scripts\\mlagents-learn trainer_config.yaml --run-id buhhh --force",
        "mlagents_version": "0.29.0",
        "mlagents_envs_version": "0.29.0",
        "communication_protocol_version": "1.5.0",
        "pytorch_version": "1.13.1",
        "numpy_version": "1.21.2",
        "end_time_seconds": "1686092248"
    },
    "total": 253.27162729999998,
    "count": 1,
    "self": 0.01699559999997291,
    "children": {
        "run_training.setup": {
            "total": 0.1733093000000001,
            "count": 1,
            "self": 0.1733093000000001
        },
        "TrainerController.start_learning": {
            "total": 253.0813224,
            "count": 1,
            "self": 0.44786840000008965,
            "children": {
                "TrainerController._reset_env": {
                    "total": 7.664190400000001,
                    "count": 1,
                    "self": 7.664190400000001
                },
                "TrainerController.advance": {
                    "total": 244.5282074999999,
                    "count": 8524,
                    "self": 0.23590789999900608,
                    "children": {
                        "env_step": {
                            "total": 244.2922996000009,
                            "count": 8524,
                            "self": 217.4672789999998,
                            "children": {
                                "SubprocessEnvManager._take_step": {
                                    "total": 26.590662399999733,
                                    "count": 8524,
                                    "self": 0.9177288999988598,
                                    "children": {
                                        "TorchPolicy.evaluate": {
                                            "total": 25.672933500000873,
                                            "count": 8524,
                                            "self": 5.943925900000508,
                                            "children": {
                                                "TorchPolicy.sample_actions": {
                                                    "total": 19.729007600000365,
                                                    "count": 8524,
                                                    "self": 19.729007600000365
                                                }
                                            }
                                        }
                                    }
                                },
                                "workers": {
                                    "total": 0.23435820000135443,
                                    "count": 8523,
                                    "self": 0.0,
                                    "children": {
                                        "worker_root": {
                                            "total": 183.4906413999998,
                                            "count": 8523,
                                            "is_parallel": true,
                                            "self": 45.08401269999942,
                                            "children": {
                                                "steps_from_proto": {
                                                    "total": 0.004907999999999468,
                                                    "count": 1,
                                                    "is_parallel": true,
                                                    "self": 0.001499299999998982,
                                                    "children": {
                                                        "_process_rank_one_or_two_observation": {
                                                            "total": 0.0034087000000004863,
                                                            "count": 2,
                                                            "is_parallel": true,
                                                            "self": 0.0034087000000004863
                                                        }
                                                    }
                                                },
                                                "UnityEnvironment.step": {
                                                    "total": 138.40172070000037,
                                                    "count": 8523,
                                                    "is_parallel": true,
                                                    "self": 1.1828389999985234,
                                                    "children": {
                                                        "UnityEnvironment._generate_step_input": {
                                                            "total": 0.9441701000012515,
                                                            "count": 8523,
                                                            "is_parallel": true,
                                                            "self": 0.9441701000012515
                                                        },
                                                        "communicator.exchange": {
                                                            "total": 132.1945699,
                                                            "count": 8523,
                                                            "is_parallel": true,
                                                            "self": 132.1945699
                                                        },
                                                        "steps_from_proto": {
                                                            "total": 4.080141700000575,
                                                            "count": 8523,
                                                            "is_parallel": true,
                                                            "self": 2.8180505000005587,
                                                            "children": {
                                                                "_process_rank_one_or_two_observation": {
                                                                    "total": 1.2620912000000164,
                                                                    "count": 17046,
                                                                    "is_parallel": true,
                                                                    "self": 1.2620912000000164
                                                                }
                                                            }
                                                        }
                                                    }
                                                }
                                            }
                                        }
                                    }
                                }
                            }
                        }
                    }
                },
                "TrainerController._save_models": {
                    "total": 0.4410561000000257,
                    "count": 1,
                    "self": 0.00554310000006808,
                    "children": {
                        "RLTrainer._checkpoint": {
                            "total": 0.43551299999995763,
                            "count": 1,
                            "self": 0.43551299999995763
                        }
                    }
                }
            }
        }
    }
}