{
    "name": "root",
    "metadata": {
        "timer_format_version": "0.1.0",
        "start_time_seconds": "1686094529",
        "python_version": "3.7.16 (default, Jan 17 2023, 16:06:28) [MSC v.1916 64 bit (AMD64)]",
        "command_line_arguments": "G:\\Anaconda\\envs\\ml-agents-2.0\\Scripts\\mlagents-learn trainer_config.yaml --run-id buhhh --force",
        "mlagents_version": "0.29.0",
        "mlagents_envs_version": "0.29.0",
        "communication_protocol_version": "1.5.0",
        "pytorch_version": "1.13.1",
        "numpy_version": "1.21.2",
        "end_time_seconds": "1686094648"
    },
    "total": 118.7581375,
    "count": 1,
    "self": 0.01683079999999393,
    "children": {
        "run_training.setup": {
            "total": 0.1842505000000001,
            "count": 1,
            "self": 0.1842505000000001
        },
        "TrainerController.start_learning": {
            "total": 118.5570562,
            "count": 1,
            "self": 0.11187760000002811,
            "children": {
                "TrainerController._reset_env": {
                    "total": 7.3953869,
                    "count": 1,
                    "self": 7.3953869
                },
                "TrainerController.advance": {
                    "total": 110.73143959999997,
                    "count": 2271,
                    "self": 0.061500700000081565,
                    "children": {
                        "env_step": {
                            "total": 110.66993889999989,
                            "count": 2271,
                            "self": 103.65404050000005,
                            "children": {
                                "SubprocessEnvManager._take_step": {
                                    "total": 6.956855799999923,
                                    "count": 2271,
                                    "self": 0.23849789999989213,
                                    "children": {
                                        "TorchPolicy.evaluate": {
                                            "total": 6.718357900000031,
                                            "count": 2271,
                                            "self": 1.531433300000037,
                                            "children": {
                                                "TorchPolicy.sample_actions": {
                                                    "total": 5.186924599999994,
                                                    "count": 2271,
                                                    "self": 5.186924599999994
                                                }
                                            }
                                        }
                                    }
                                },
                                "workers": {
                                    "total": 0.05904259999991979,
                                    "count": 2270,
                                    "self": 0.0,
                                    "children": {
                                        "worker_root": {
                                            "total": 48.886844100000054,
                                            "count": 2270,
                                            "is_parallel": true,
                                            "self": 13.47544880000006,
                                            "children": {
                                                "steps_from_proto": {
                                                    "total": 0.0005687999999999249,
                                                    "count": 1,
                                                    "is_parallel": true,
                                                    "self": 0.0003285999999995681,
                                                    "children": {
                                                        "_process_rank_one_or_two_observation": {
                                                            "total": 0.0002402000000003568,
                                                            "count": 2,
                                                            "is_parallel": true,
                                                            "self": 0.0002402000000003568
                                                        }
                                                    }
                                                },
                                                "UnityEnvironment.step": {
                                                    "total": 35.4108265,
                                                    "count": 2270,
                                                    "is_parallel": true,
                                                    "self": 0.3231322999999904,
                                                    "children": {
                                                        "UnityEnvironment._generate_step_input": {
                                                            "total": 0.2538091999998837,
                                                            "count": 2270,
                                                            "is_parallel": true,
                                                            "self": 0.2538091999998837
                                                        },
                                                        "communicator.exchange": {
                                                            "total": 33.7004672999999,
                                                            "count": 2270,
                                                            "is_parallel": true,
                                                            "self": 33.7004672999999
                                                        },
                                                        "steps_from_proto": {
                                                            "total": 1.133417700000222,
                                                            "count": 2270,
                                                            "is_parallel": true,
                                                            "self": 0.7551965999999481,
                                                            "children": {
                                                                "_process_rank_one_or_two_observation": {
                                                                    "total": 0.37822110000027376,
                                                                    "count": 4540,
                                                                    "is_parallel": true,
                                                                    "self": 0.37822110000027376
                                                                }
                                                            }
                                                        }
                                                    }
                                                }
                                            }
                                        }
                                    }
                                }
                            }
                        }
                    }
                },
                "TrainerController._save_models": {
                    "total": 0.3183520999999985,
                    "count": 1,
                    "self": 0.0028954999999939446,
                    "children": {
                        "RLTrainer._checkpoint": {
                            "total": 0.31545660000000453,
                            "count": 1,
                            "self": 0.31545660000000453
                        }
                    }
                }
            }
        }
    }
}