{
    "name": "root",
    "metadata": {
        "timer_format_version": "0.1.0",
        "start_time_seconds": "1686090390",
        "python_version": "3.7.16 (default, Jan 17 2023, 16:06:28) [MSC v.1916 64 bit (AMD64)]",
        "command_line_arguments": "G:\\Anaconda\\envs\\ml-agents-2.0\\Scripts\\mlagents-learn trainer_config.yaml --run-id buhhh",
        "mlagents_version": "0.29.0",
        "mlagents_envs_version": "0.29.0",
        "communication_protocol_version": "1.5.0",
        "pytorch_version": "1.13.1",
        "numpy_version": "1.21.2",
        "end_time_seconds": "1686090501"
    },
    "total": 110.6555119,
    "count": 1,
    "self": 0.011486899999994193,
    "children": {
        "run_training.setup": {
            "total": 0.19920300000000069,
            "count": 1,
            "self": 0.19920300000000069
        },
        "TrainerController.start_learning": {
            "total": 110.444822,
            "count": 1,
            "self": 0.08657059999990224,
            "children": {
                "TrainerController._reset_env": {
                    "total": 13.671914399999999,
                    "count": 1,
                    "self": 13.671914399999999
                },
                "TrainerController.advance": {
                    "total": 96.3021599000001,
                    "count": 1611,
                    "self": 0.04611329999988811,
                    "children": {
                        "env_step": {
                            "total": 96.25604660000022,
                            "count": 1611,
                            "self": 90.95901660000008,
                            "children": {
                                "SubprocessEnvManager._take_step": {
                                    "total": 5.252241400000056,
                                    "count": 1611,
                                    "self": 0.17866490000018231,
                                    "children": {
                                        "TorchPolicy.evaluate": {
                                            "total": 5.073576499999874,
                                            "count": 1611,
                                            "self": 1.152198799999823,
                                            "children": {
                                                "TorchPolicy.sample_actions": {
                                                    "total": 3.9213777000000505,
                                                    "count": 1611,
                                                    "self": 3.9213777000000505
                                                }
                                            }
                                        }
                                    }
                                },
                                "workers": {
                                    "total": 0.04478860000007501,
                                    "count": 1610,
                                    "self": 0.0,
                                    "children": {
                                        "worker_root": {
                                            "total": 38.985204799999835,
                                            "count": 1610,
                                            "is_parallel": true,
                                            "self": 15.1254707999998,
                                            "children": {
                                                "steps_from_proto": {
                                                    "total": 0.0042565000000003295,
                                                    "count": 1,
                                                    "is_parallel": true,
                                                    "self": 0.0012993000000003363,
                                                    "children": {
                                                        "_process_rank_one_or_two_observation": {
                                                            "total": 0.002957199999999993,
                                                            "count": 2,
                                                            "is_parallel": true,
                                                            "self": 0.002957199999999993
                                                        }
                                                    }
                                                },
                                                "UnityEnvironment.step": {
                                                    "total": 23.855477500000035,
                                                    "count": 1610,
                                                    "is_parallel": true,
                                                    "self": 0.23573499999999115,
                                                    "children": {
                                                        "UnityEnvironment._generate_step_input": {
                                                            "total": 0.18927969999988825,
                                                            "count": 1610,
                                                            "is_parallel": true,
                                                            "self": 0.18927969999988825
                                                        },
                                                        "communicator.exchange": {
                                                            "total": 22.588669900000017,
                                                            "count": 1610,
                                                            "is_parallel": true,
                                                            "self": 22.588669900000017
                                                        },
                                                        "steps_from_proto": {
                                                            "total": 0.8417929000001347,
                                                            "count": 1610,
                                                            "is_parallel": true,
                                                            "self": 0.5866794000001168,
                                                            "children": {
                                                                "_process_rank_one_or_two_observation": {
                                                                    "total": 0.255113500000018,
                                                                    "count": 3220,
                                                                    "is_parallel": true,
                                                                    "self": 0.255113500000018
                                                                }
                                                            }
                                                        }
                                                    }
                                                }
                                            }
                                        }
                                    }
                                }
                            }
                        }
                    }
                },
                "TrainerController._save_models": {
                    "total": 0.38417710000000227,
                    "count": 1,
                    "self": 0.003196000000002641,
                    "children": {
                        "RLTrainer._checkpoint": {
                            "total": 0.38098109999999963,
                            "count": 1,
                            "self": 0.38098109999999963
                        }
                    }
                }
            }
        }
    }
}