{
    "name": "root",
    "metadata": {
        "timer_format_version": "0.1.0",
        "start_time_seconds": "1680655536",
        "python_version": "3.9.16 (main, Mar  8 2023, 10:39:24) [MSC v.1916 64 bit (AMD64)]",
        "command_line_arguments": "D:\\Anaconda\\envs\\ml-agents-2.0\\Scripts\\mlagents-learn trainer_config.yaml --run-id onfloor --force",
        "mlagents_version": "0.30.0",
        "mlagents_envs_version": "0.30.0",
        "communication_protocol_version": "1.5.0",
        "pytorch_version": "1.13.1+cpu",
        "numpy_version": "1.21.2",
        "end_time_seconds": "1680655610"
    },
    "total": 73.2802269,
    "count": 1,
    "self": 0.005113700000009658,
    "children": {
        "run_training.setup": {
            "total": 0.07988269999999997,
            "count": 1,
            "self": 0.07988269999999997
        },
        "TrainerController.start_learning": {
            "total": 73.1952305,
            "count": 1,
            "self": 0.029719999999983315,
            "children": {
                "TrainerController._reset_env": {
                    "total": 2.4870636,
                    "count": 1,
                    "self": 2.4870636
                },
                "TrainerController.advance": {
                    "total": 70.5475763,
                    "count": 884,
                    "self": 0.012808899999981804,
                    "children": {
                        "env_step": {
                            "total": 70.53476740000002,
                            "count": 884,
                            "self": 68.95121180000001,
                            "children": {
                                "SubprocessEnvManager._take_step": {
                                    "total": 1.5697409999999845,
                                    "count": 884,
                                    "self": 0.06042119999996487,
                                    "children": {
                                        "TorchPolicy.evaluate": {
                                            "total": 1.5093198000000196,
                                            "count": 884,
                                            "self": 1.5093198000000196
                                        }
                                    }
                                },
                                "workers": {
                                    "total": 0.013814600000021215,
                                    "count": 883,
                                    "self": 0.0,
                                    "children": {
                                        "worker_root": {
                                            "total": 8.804424299999999,
                                            "count": 883,
                                            "is_parallel": true,
                                            "self": 2.5011150000000058,
                                            "children": {
                                                "steps_from_proto": {
                                                    "total": 0.0003613000000002309,
                                                    "count": 1,
                                                    "is_parallel": true,
                                                    "self": 0.00018850000000014688,
                                                    "children": {
                                                        "_process_rank_one_or_two_observation": {
                                                            "total": 0.000172800000000084,
                                                            "count": 2,
                                                            "is_parallel": true,
                                                            "self": 0.000172800000000084
                                                        }
                                                    }
                                                },
                                                "UnityEnvironment.step": {
                                                    "total": 6.3029479999999936,
                                                    "count": 883,
                                                    "is_parallel": true,
                                                    "self": 0.06799899999999326,
                                                    "children": {
                                                        "UnityEnvironment._generate_step_input": {
                                                            "total": 0.0562783999999934,
                                                            "count": 883,
                                                            "is_parallel": true,
                                                            "self": 0.0562783999999934
                                                        },
                                                        "communicator.exchange": {
                                                            "total": 5.959007700000018,
                                                            "count": 883,
                                                            "is_parallel": true,
                                                            "self": 5.959007700000018
                                                        },
                                                        "steps_from_proto": {
                                                            "total": 0.21966289999998923,
                                                            "count": 883,
                                                            "is_parallel": true,
                                                            "self": 0.13370230000000172,
                                                            "children": {
                                                                "_process_rank_one_or_two_observation": {
                                                                    "total": 0.08596059999998751,
                                                                    "count": 1766,
                                                                    "is_parallel": true,
                                                                    "self": 0.08596059999998751
                                                                }
                                                            }
                                                        }
                                                    }
                                                }
                                            }
                                        }
                                    }
                                }
                            }
                        }
                    }
                },
                "TrainerController._save_models": {
                    "total": 0.1308706000000086,
                    "count": 1,
                    "self": 0.009349600000007285,
                    "children": {
                        "RLTrainer._checkpoint": {
                            "total": 0.12152100000000132,
                            "count": 1,
                            "self": 0.12152100000000132
                        }
                    }
                }
            }
        }
    }
}