{
    "name": "root",
    "metadata": {
        "timer_format_version": "0.1.0",
        "start_time_seconds": "1680566006",
        "python_version": "3.9.16 (main, Mar  8 2023, 10:39:24) [MSC v.1916 64 bit (AMD64)]",
        "command_line_arguments": "D:\\Anaconda\\envs\\ml-agents-2.0\\Scripts\\mlagents-learn trainer_config.yaml --run-id onfloor --force",
        "mlagents_version": "0.30.0",
        "mlagents_envs_version": "0.30.0",
        "communication_protocol_version": "1.5.0",
        "pytorch_version": "1.13.1+cpu",
        "numpy_version": "1.21.2",
        "end_time_seconds": "1680566090"
    },
    "total": 84.36287779999999,
    "count": 1,
    "self": 0.012220599999992032,
    "children": {
        "run_training.setup": {
            "total": 0.08175819999999989,
            "count": 1,
            "self": 0.08175819999999989
        },
        "TrainerController.start_learning": {
            "total": 84.268899,
            "count": 1,
            "self": 0.044316299999991315,
            "children": {
                "TrainerController._reset_env": {
                    "total": 2.3003513,
                    "count": 1,
                    "self": 2.3003513
                },
                "TrainerController.advance": {
                    "total": 81.78525100000002,
                    "count": 1421,
                    "self": 0.018974100000036742,
                    "children": {
                        "env_step": {
                            "total": 81.76627689999998,
                            "count": 1421,
                            "self": 79.34961430000004,
                            "children": {
                                "SubprocessEnvManager._take_step": {
                                    "total": 2.395522499999993,
                                    "count": 1421,
                                    "self": 0.09330139999993037,
                                    "children": {
                                        "TorchPolicy.evaluate": {
                                            "total": 2.3022211000000627,
                                            "count": 1421,
                                            "self": 2.3022211000000627
                                        }
                                    }
                                },
                                "workers": {
                                    "total": 0.02114009999993982,
                                    "count": 1420,
                                    "self": 0.0,
                                    "children": {
                                        "worker_root": {
                                            "total": 19.979956499999957,
                                            "count": 1420,
                                            "is_parallel": true,
                                            "self": 3.8741920999999806,
                                            "children": {
                                                "steps_from_proto": {
                                                    "total": 0.0003657999999999717,
                                                    "count": 1,
                                                    "is_parallel": true,
                                                    "self": 0.00018859999999953914,
                                                    "children": {
                                                        "_process_rank_one_or_two_observation": {
                                                            "total": 0.00017720000000043257,
                                                            "count": 2,
                                                            "is_parallel": true,
                                                            "self": 0.00017720000000043257
                                                        }
                                                    }
                                                },
                                                "UnityEnvironment.step": {
                                                    "total": 16.105398599999976,
                                                    "count": 1420,
                                                    "is_parallel": true,
                                                    "self": 0.10487899999998618,
                                                    "children": {
                                                        "UnityEnvironment._generate_step_input": {
                                                            "total": 0.0892639000000286,
                                                            "count": 1420,
                                                            "is_parallel": true,
                                                            "self": 0.0892639000000286
                                                        },
                                                        "communicator.exchange": {
                                                            "total": 15.569936100000024,
                                                            "count": 1420,
                                                            "is_parallel": true,
                                                            "self": 15.569936100000024
                                                        },
                                                        "steps_from_proto": {
                                                            "total": 0.3413195999999372,
                                                            "count": 1420,
                                                            "is_parallel": true,
                                                            "self": 0.20825059999998485,
                                                            "children": {
                                                                "_process_rank_one_or_two_observation": {
                                                                    "total": 0.13306899999995236,
                                                                    "count": 2840,
                                                                    "is_parallel": true,
                                                                    "self": 0.13306899999995236
                                                                }
                                                            }
                                                        }
                                                    }
                                                }
                                            }
                                        }
                                    }
                                }
                            }
                        }
                    }
                },
                "TrainerController._save_models": {
                    "total": 0.13898039999999412,
                    "count": 1,
                    "self": 0.007194299999994769,
                    "children": {
                        "RLTrainer._checkpoint": {
                            "total": 0.13178609999999935,
                            "count": 1,
                            "self": 0.13178609999999935
                        }
                    }
                }
            }
        }
    }
}