{"count":1,"self":19.8582416,"total":43.649516299999995,"children":{"InitializeActuators":{"count":1,"self":0.0019952999999999998,"total":0.0019952999999999998,"children":null},"InitializeSensors":{"count":1,"self":0.0011619,"total":0.0011619,"children":null},"AgentSendState":{"count":19551,"self":0.20301929999999999,"total":3.465098,"children":{"CollectObservations":{"count":3911,"self":1.5348041,"total":1.5348041,"children":null},"WriteActionMask":{"count":3911,"self":0.028481,"total":0.028481,"children":null},"RequestDecision":{"count":3911,"self":0.0844912,"total":1.6987936,"children":{"AgentInfo.ToProto":{"count":3911,"self":0.069986899999999991,"total":1.6143024,"children":{"GenerateSensorData":{"count":3911,"self":1.5443155,"total":1.5443155,"children":null}}}}}}},"DecideAction":{"count":19551,"self":19.952267199999998,"total":19.9522668,"children":null},"AgentAct":{"count":19551,"self":0.36576359999999997,"total":0.36975559999999996,"children":{"AgentInfo.ToProto":{"count":9,"self":0.0009972,"total":0.003992,"children":{"GenerateSensorData":{"count":9,"self":0.0029947999999999997,"total":0.0029947999999999997,"children":null}}}}}},"gauges":{"Enemy.CumulativeReward":{"count":9,"max":-1.00001872,"min":-1.99992752,"runningAverage":-1.22222054,"value":-1.00001872,"weightedAverage":-1.17921686}},"metadata":{"timer_format_version":"0.1.0","start_time_seconds":"1676624436","unity_version":"2021.3.16f1","command_line_arguments":"C:\\Program Files\\Unity\\Hub\\Editor\\2021.3.16f1\\Editor\\Unity.exe -projectpath G:\\Unity projects\\FromFilthItRises\\FromFilthItRises -useHub -hubIPC -cloudEnvironment production -licensingIpc LicenseClient-ghart -hubSessionId 2b0fa880-ae95-11ed-be84-b569f5326464","communication_protocol_version":"1.5.0","com.unity.ml-agents_version":"2.0.1","scene_name":"Training1","end_time_seconds":"1676624480"}}