{"count":1,"self":1239.0523904,"total":3515.832054,"children":{"InitializeActuators":{"count":6,"self":0.0019947,"total":0.0019947,"children":null},"InitializeSensors":{"count":6,"self":0.0019947999999999997,"total":0.0019947999999999997,"children":null},"AgentSendState":{"count":1667084,"self":30.906825599999998,"total":577.8580483,"children":{"CollectObservations":{"count":2000502,"self":19.7239264,"total":19.7239258,"children":null},"WriteActionMask":{"count":2000502,"self":5.5112711999999995,"total":5.5112714,"children":null},"RequestDecision":{"count":2000502,"self":20.22948,"total":521.7160248,"children":{"AgentInfo.ToProto":{"count":2000502,"self":21.494912,"total":501.4865441,"children":{"GenerateSensorData":{"count":2000502,"self":479.99165439999996,"total":479.9916316,"children":null}}}}}}},"DecideAction":{"count":1667084,"self":1677.7839615999999,"total":1677.7839614,"children":null},"AgentAct":{"count":1667084,"self":20.932712,"total":21.133695799999998,"children":{"AgentInfo.ToProto":{"count":996,"self":0.0099765,"total":0.2009842,"children":{"GenerateSensorData":{"count":996,"self":0.1910077,"total":0.1910077,"children":null}}}}}},"gauges":{"Enemy.CumulativeReward":{"count":996,"max":10,"min":-22.2000122,"runningAverage":2.02028275,"value":-3.60000062,"weightedAverage":2.76729584}},"metadata":{"timer_format_version":"0.1.0","start_time_seconds":"1680116885","unity_version":"2021.3.16f1","command_line_arguments":"C:\\Program Files\\Unity\\Hub\\Editor\\2021.3.16f1\\Editor\\Unity.exe -projectpath D:\\FromFilthItRises\\FromFilthItRises -useHub -hubIPC -cloudEnvironment production -licensingIpc LicenseClient-hartzg -hubSessionId 0866f950-cd99-11ed-94f2-55e6617562d7 -accessToken kDK21-QA1KorLl6Moab8RPw3n89u_-P_Nf9XFTX7Lh0012f","communication_protocol_version":"1.5.0","com.unity.ml-agents_version":"2.0.1","scene_name":"Training1","end_time_seconds":"1680120400"}}