{
    "name": "root",
    "gauges": {
        "Enemy.Policy.Entropy.mean": {
            "value": 1.421188235282898,
            "min": 1.4189382791519165,
            "max": 1.421188235282898,
            "count": 4
        },
        "Enemy.Policy.Entropy.sum": {
            "value": 13813.94921875,
            "min": 13792.080078125,
            "max": 15264.9384765625,
            "count": 4
        },
        "Enemy.Step.mean": {
            "value": 39994.0,
            "min": 9984.0,
            "max": 39994.0,
            "count": 4
        },
        "Enemy.Step.sum": {
            "value": 39994.0,
            "min": 9984.0,
            "max": 39994.0,
            "count": 4
        },
        "Enemy.Policy.ExtrinsicValueEstimate.mean": {
            "value": -0.0413539819419384,
            "min": -0.08937215805053711,
            "max": 0.018323099240660667,
            "count": 4
        },
        "Enemy.Policy.ExtrinsicValueEstimate.sum": {
            "value": -3.349672555923462,
            "min": -7.149772644042969,
            "max": 1.4292017221450806,
            "count": 4
        },
        "Enemy.IsTraining.mean": {
            "value": 1.0,
            "min": 1.0,
            "max": 1.0,
            "count": 4
        },
        "Enemy.IsTraining.sum": {
            "value": 1.0,
            "min": 1.0,
            "max": 1.0,
            "count": 4
        },
        "Enemy.Environment.EpisodeLength.mean": {
            "value": 1998.0,
            "min": 1998.0,
            "max": 1999.0,
            "count": 2
        },
        "Enemy.Environment.EpisodeLength.sum": {
            "value": 11988.0,
            "min": 11988.0,
            "max": 11994.0,
            "count": 2
        },
        "Enemy.Environment.CumulativeReward.mean": {
            "value": -11.0,
            "min": -11.0,
            "max": -6.583333333333333,
            "count": 2
        },
        "Enemy.Environment.CumulativeReward.sum": {
            "value": -66.0,
            "min": -66.0,
            "max": -39.5,
            "count": 2
        },
        "Enemy.Policy.ExtrinsicReward.mean": {
            "value": -11.0,
            "min": -11.0,
            "max": -6.583333333333333,
            "count": 2
        },
        "Enemy.Policy.ExtrinsicReward.sum": {
            "value": -66.0,
            "min": -66.0,
            "max": -39.5,
            "count": 2
        },
        "Enemy.Losses.PolicyLoss.mean": {
            "value": 0.091584408050403,
            "min": 0.091584408050403,
            "max": 0.091584408050403,
            "count": 1
        },
        "Enemy.Losses.PolicyLoss.sum": {
            "value": 0.091584408050403,
            "min": 0.091584408050403,
            "max": 0.091584408050403,
            "count": 1
        },
        "Enemy.Losses.ValueLoss.mean": {
            "value": 0.07621111869812011,
            "min": 0.07621111869812011,
            "max": 0.07621111869812011,
            "count": 1
        },
        "Enemy.Losses.ValueLoss.sum": {
            "value": 0.07621111869812011,
            "min": 0.07621111869812011,
            "max": 0.07621111869812011,
            "count": 1
        },
        "Enemy.Policy.LearningRate.mean": {
            "value": 0.0002969328010223999,
            "min": 0.0002969328010223999,
            "max": 0.0002969328010223999,
            "count": 1
        },
        "Enemy.Policy.LearningRate.sum": {
            "value": 0.0002969328010223999,
            "min": 0.0002969328010223999,
            "max": 0.0002969328010223999,
            "count": 1
        },
        "Enemy.Policy.Epsilon.mean": {
            "value": 0.19897760000000003,
            "min": 0.19897760000000003,
            "max": 0.19897760000000003,
            "count": 1
        },
        "Enemy.Policy.Epsilon.sum": {
            "value": 0.19897760000000003,
            "min": 0.19897760000000003,
            "max": 0.19897760000000003,
            "count": 1
        },
        "Enemy.Policy.Beta.mean": {
            "value": 0.004948982240000001,
            "min": 0.004948982240000001,
            "max": 0.004948982240000001,
            "count": 1
        },
        "Enemy.Policy.Beta.sum": {
            "value": 0.004948982240000001,
            "min": 0.004948982240000001,
            "max": 0.004948982240000001,
            "count": 1
        }
    },
    "metadata": {
        "timer_format_version": "0.1.0",
        "start_time_seconds": "1676964037",
        "python_version": "3.7.16 (default, Jan 17 2023, 16:06:28) [MSC v.1916 64 bit (AMD64)]",
        "command_line_arguments": "G:\\Anaconda\\envs\\ml-agents-2.0\\Scripts\\mlagents-learn trainer_config.yaml --run-id balltest --force",
        "mlagents_version": "0.29.0",
        "mlagents_envs_version": "0.29.0",
        "communication_protocol_version": "1.5.0",
        "pytorch_version": "1.13.1",
        "numpy_version": "1.21.2",
        "end_time_seconds": "1676964221"
    },
    "total": 184.6827926,
    "count": 1,
    "self": 0.009491700000012315,
    "children": {
        "run_training.setup": {
            "total": 0.10034609999999988,
            "count": 1,
            "self": 0.10034609999999988
        },
        "TrainerController.start_learning": {
            "total": 184.5729548,
            "count": 1,
            "self": 0.27963790000003996,
            "children": {
                "TrainerController._reset_env": {
                    "total": 8.3498047,
                    "count": 1,
                    "self": 8.3498047
                },
                "TrainerController.advance": {
                    "total": 175.72477109999997,
                    "count": 8020,
                    "self": 0.14682639999983849,
                    "children": {
                        "env_step": {
                            "total": 175.57794470000013,
                            "count": 8020,
                            "self": 153.58409110000036,
                            "children": {
                                "SubprocessEnvManager._take_step": {
                                    "total": 21.850557500000352,
                                    "count": 8021,
                                    "self": 0.6603054000005706,
                                    "children": {
                                        "TorchPolicy.evaluate": {
                                            "total": 21.190252099999782,
                                            "count": 8021,
                                            "self": 4.229372899999582,
                                            "children": {
                                                "TorchPolicy.sample_actions": {
                                                    "total": 16.9608792000002,
                                                    "count": 8021,
                                                    "self": 16.9608792000002
                                                }
                                            }
                                        }
                                    }
                                },
                                "workers": {
                                    "total": 0.14329609999942505,
                                    "count": 8019,
                                    "self": 0.0,
                                    "children": {
                                        "worker_root": {
                                            "total": 117.56548429999923,
                                            "count": 8019,
                                            "is_parallel": true,
                                            "self": 37.31724559999978,
                                            "children": {
                                                "steps_from_proto": {
                                                    "total": 0.0007881000000002913,